[
  {
    "product_id": 2,
    "product_name": "Yamaha P-125 Digital Piano",
    "category": "Pianos & Keyboards",
    "brand": "Yamaha",
    "current_price": 649.99,
    "total_sold": 1,
    "total_revenue": 649.99,
    "average_price": 649.99
  },
  {
    "product_id": 3,
    "product_name": "Pearl Export Drum Kit",
    "category": "Drums",
    "brand": "Pearl",
    "current_price": 899.99,
    "total_sold": 1,
    "total_revenue": 899.99,
    "average_price": 899.99
  },
  {
    "product_id": 4,
    "product_name": "Stentor Violin Student II",
    "category": "Violins",
    "brand": "Stentor",
    "current_price": 299.99,
    "total_sold": 1,
    "total_revenue": 299.99,
    "average_price": 299.99
  },
  {
    "product_id": 1,
    "product_name": "Fender Stratocaster Electric Guitar",
    "category": "Guitars",
    "brand": "Fender",
    "current_price": 1299.99,
    "total_sold": 0,
    "total_revenue": 0,
    "average_price": null
  },
  {
    "product_id": 5,
    "product_name": "Yamaha YFL-222 Flute",
    "category": "Flutes",
    "brand": "Yamaha",
    "current_price": 549.99,
    "total_sold": 0,
    "total_revenue": 0,
    "average_price": null
  },
  {
    "product_id": 6,
    "product_name": "Pioneer DJ DDJ-400",
    "category": "DJ Equipment",
    "brand": "Pioneer",
    "current_price": 249.99,
    "total_sold": 0,
    "total_revenue": 0,
    "average_price": null
  },
  {
    "product_id": 7,
    "product_name": "Shure SM58 Microphone",
    "category": "Accessories",
    "brand": "Shure",
    "current_price": 99.99,
    "total_sold": 0,
    "total_revenue": 0,
    "average_price": null
  },
  {
    "product_id": 8,
    "product_name": "Boss Katana-50 Amplifier",
    "category": "Accessories",
    "brand": "Boss",
    "current_price": 229.99,
    "total_sold": 0,
    "total_revenue": 0,
    "average_price": null
  },
  {
    "product_id": 9,
    "product_name": "Gibson Les Paul Standard",
    "category": "Guitars",
    "brand": "Gibson",
    "current_price": 2499.99,
    "total_sold": 0,
    "total_revenue": 0,
    "average_price": null
  },
  {
    "product_id": 10,
    "product_name": "Roland TD-17KVX V-Drums",
    "category": "Drums",
    "brand": "Roland",
    "current_price": 1699.99,
    "total_sold": 0,
    "total_revenue": 0,
    "average_price": null
  },
  {
    "product_id": 11,
    "product_name": "Korg SV-2 Stage Piano",
    "category": "Pianos & Keyboards",
    "brand": "Korg",
    "current_price": 1999.99,
    "total_sold": 0,
    "total_revenue": 0,
    "average_price": null
  },
  {
    "product_id": 12,
    "product_name": "D'Addario Guitar Strings Pack",
    "category": "Accessories",
    "brand": "D'Addario",
    "current_price": 19.99,
    "total_sold": 0,
    "total_revenue": 0,
    "average_price": null
  },
  {
    "product_id": 13,
    "product_name": "Fender Stratocaster Electric Guitar",
    "category": "Guitars",
    "brand": "Fender",
    "current_price": 1299.99,
    "total_sold": 0,
    "total_revenue": 0,
    "average_price": null
  },
  {
    "product_id": 14,
    "product_name": "Yamaha P-125 Digital Piano",
    "category": "Pianos & Keyboards",
    "brand": "Yamaha",
    "current_price": 649.99,
    "total_sold": 0,
    "total_revenue": 0,
    "average_price": null
  },
  {
    "product_id": 15,
    "product_name": "Pearl Export Drum Kit",
    "category": "Drums",
    "brand": "Pearl",
    "current_price": 899.99,
    "total_sold": 0,
    "total_revenue": 0,
    "average_price": null
  },
  {
    "product_id": 16,
    "product_name": "Stentor Violin Student II",
    "category": "Violins",
    "brand": "Stentor",
    "current_price": 299.99,
    "total_sold": 0,
    "total_revenue": 0,
    "average_price": null
  },
  {
    "product_id": 17,
    "product_name": "Yamaha YFL-222 Flute",
    "category": "Flutes",
    "brand": "Yamaha",
    "current_price": 549.99,
    "total_sold": 0,
    "total_revenue": 0,
    "average_price": null
  },
  {
    "product_id": 18,
    "product_name": "Pioneer DJ DDJ-400",
    "category": "DJ Equipment",
    "brand": "Pioneer",
    "current_price": 249.99,
    "total_sold": 0,
    "total_revenue": 0,
    "average_price": null
  },
  {
    "product_id": 19,
    "product_name": "Shure SM58 Microphone",
    "category": "Accessories",
    "brand": "Shure",
    "current_price": 99.99,
    "total_sold": 0,
    "total_revenue": 0,
    "average_price": null
  },
  {
    "product_id": 20,
    "product_name": "Boss Katana-50 Amplifier",
    "category": "Accessories",
    "brand": "Boss",
    "current_price": 229.99,
    "total_sold": 0,
    "total_revenue": 0,
    "average_price": null
  },
  {
    "product_id": 21,
    "product_name": "Gibson Les Paul Standard",
    "category": "Guitars",
    "brand": "Gibson",
    "current_price": 2499.99,
    "total_sold": 0,
    "total_revenue": 0,
    "average_price": null
  },
  {
    "product_id": 22,
    "product_name": "Roland TD-17KVX V-Drums",
    "category": "Drums",
    "brand": "Roland",
    "current_price": 1699.99,
    "total_sold": 0,
    "total_revenue": 0,
    "average_price": null
  },
  {
    "product_id": 23,
    "product_name": "Korg SV-2 Stage Piano",
    "category": "Pianos & Keyboards",
    "brand": "Korg",
    "current_price": 1999.99,
    "total_sold": 0,
    "total_revenue": 0,
    "average_price": null
  },
  {
    "product_id": 24,
    "product_name": "D'Addario Guitar Strings Pack",
    "category": "Accessories",
    "brand": "D'Addario",
    "current_price": 19.99,
    "total_sold": 0,
    "total_revenue": 0,
    "average_price": null
  },
  {
    "product_id": 25,
    "product_name": "Fender Stratocaster Electric Guitar",
    "category": "Guitars",
    "brand": "Fender",
    "current_price": 1299.99,
    "total_sold": 0,
    "total_revenue": 0,
    "average_price": null
  },
  {
    "product_id": 26,
    "product_name": "Yamaha P-125 Digital Piano",
    "category": "Pianos & Keyboards",
    "brand": "Yamaha",
    "current_price": 649.99,
    "total_sold": 0,
    "total_revenue": 0,
    "average_price": null
  },
  {
    "product_id": 27,
    "product_name": "Pearl Export Drum Kit",
    "category": "Drums",
    "brand": "Pearl",
    "current_price": 899.99,
    "total_sold": 0,
    "total_revenue": 0,
    "average_price": null
  },
  {
    "product_id": 28,
    "product_name": "Stentor Violin Student II",
    "category": "Violins",
    "brand": "Stentor",
    "current_price": 299.99,
    "total_sold": 0,
    "total_revenue": 0,
    "average_price": null
  },
  {
    "product_id": 29,
    "product_name": "Yamaha YFL-222 Flute",
    "category": "Flutes",
    "brand": "Yamaha",
    "current_price": 549.99,
    "total_sold": 0,
    "total_revenue": 0,
    "average_price": null
  },
  {
    "product_id": 30,
    "product_name": "Pioneer DJ DDJ-400",
    "category": "DJ Equipment",
    "brand": "Pioneer",
    "current_price": 249.99,
    "total_sold": 0,
    "total_revenue": 0,
    "average_price": null
  },
  {
    "product_id": 31,
    "product_name": "Shure SM58 Microphone",
    "category": "Accessories",
    "brand": "Shure",
    "current_price": 99.99,
    "total_sold": 0,
    "total_revenue": 0,
    "average_price": null
  },
  {
    "product_id": 32,
    "product_name": "Boss Katana-50 Amplifier",
    "category": "Accessories",
    "brand": "Boss",
    "current_price": 229.99,
    "total_sold": 0,
    "total_revenue": 0,
    "average_price": null
  },
  {
    "product_id": 33,
    "product_name": "Gibson Les Paul Standard",
    "category": "Guitars",
    "brand": "Gibson",
    "current_price": 2499.99,
    "total_sold": 0,
    "total_revenue": 0,
    "average_price": null
  },
  {
    "product_id": 34,
    "product_name": "Roland TD-17KVX V-Drums",
    "category": "Drums",
    "brand": "Roland",
    "current_price": 1699.99,
    "total_sold": 0,
    "total_revenue": 0,
    "average_price": null
  },
  {
    "product_id": 35,
    "product_name": "Korg SV-2 Stage Piano",
    "category": "Pianos & Keyboards",
    "brand": "Korg",
    "current_price": 1999.99,
    "total_sold": 0,
    "total_revenue": 0,
    "average_price": null
  },
  {
    "product_id": 36,
    "product_name": "D'Addario Guitar Strings Pack",
    "category": "Accessories",
    "brand": "D'Addario",
    "current_price": 19.99,
    "total_sold": 0,
    "total_revenue": 0,
    "average_price": null
  },
  {
    "product_id": 37,
    "product_name": "Fender Stratocaster Electric Guitar",
    "category": "Guitars",
    "brand": "Fender",
    "current_price": 1299.99,
    "total_sold": 0,
    "total_revenue": 0,
    "average_price": null
  },
  {
    "product_id": 38,
    "product_name": "Yamaha P-125 Digital Piano",
    "category": "Pianos & Keyboards",
    "brand": "Yamaha",
    "current_price": 649.99,
    "total_sold": 0,
    "total_revenue": 0,
    "average_price": null
  },
  {
    "product_id": 39,
    "product_name": "Pearl Export Drum Kit",
    "category": "Drums",
    "brand": "Pearl",
    "current_price": 899.99,
    "total_sold": 0,
    "total_revenue": 0,
    "average_price": null
  },
  {
    "product_id": 40,
    "product_name": "Stentor Violin Student II",
    "category": "Violins",
    "brand": "Stentor",
    "current_price": 299.99,
    "total_sold": 0,
    "total_revenue": 0,
    "average_price": null
  },
  {
    "product_id": 41,
    "product_name": "Yamaha YFL-222 Flute",
    "category": "Flutes",
    "brand": "Yamaha",
    "current_price": 549.99,
    "total_sold": 0,
    "total_revenue": 0,
    "average_price": null
  },
  {
    "product_id": 42,
    "product_name": "Pioneer DJ DDJ-400",
    "category": "DJ Equipment",
    "brand": "Pioneer",
    "current_price": 249.99,
    "total_sold": 0,
    "total_revenue": 0,
    "average_price": null
  },
  {
    "product_id": 43,
    "product_name": "Shure SM58 Microphone",
    "category": "Accessories",
    "brand": "Shure",
    "current_price": 99.99,
    "total_sold": 0,
    "total_revenue": 0,
    "average_price": null
  },
  {
    "product_id": 44,
    "product_name": "Boss Katana-50 Amplifier",
    "category": "Accessories",
    "brand": "Boss",
    "current_price": 229.99,
    "total_sold": 0,
    "total_revenue": 0,
    "average_price": null
  },
  {
    "product_id": 45,
    "product_name": "Gibson Les Paul Standard",
    "category": "Guitars",
    "brand": "Gibson",
    "current_price": 2499.99,
    "total_sold": 0,
    "total_revenue": 0,
    "average_price": null
  },
  {
    "product_id": 46,
    "product_name": "Roland TD-17KVX V-Drums",
    "category": "Drums",
    "brand": "Roland",
    "current_price": 1699.99,
    "total_sold": 0,
    "total_revenue": 0,
    "average_price": null
  },
  {
    "product_id": 47,
    "product_name": "Korg SV-2 Stage Piano",
    "category": "Pianos & Keyboards",
    "brand": "Korg",
    "current_price": 1999.99,
    "total_sold": 0,
    "total_revenue": 0,
    "average_price": null
  },
  {
    "product_id": 48,
    "product_name": "D'Addario Guitar Strings Pack",
    "category": "Accessories",
    "brand": "D'Addario",
    "current_price": 19.99,
    "total_sold": 0,
    "total_revenue": 0,
    "average_price": null
  },
  {
    "product_id": 49,
    "product_name": "Fender Stratocaster Electric Guitar",
    "category": "Guitars",
    "brand": "Fender",
    "current_price": 1299.99,
    "total_sold": 0,
    "total_revenue": 0,
    "average_price": null
  },
  {
    "product_id": 50,
    "product_name": "Yamaha P-125 Digital Piano",
    "category": "Pianos & Keyboards",
    "brand": "Yamaha",
    "current_price": 649.99,
    "total_sold": 0,
    "total_revenue": 0,
    "average_price": null
  },
  {
    "product_id": 51,
    "product_name": "Pearl Export Drum Kit",
    "category": "Drums",
    "brand": "Pearl",
    "current_price": 899.99,
    "total_sold": 0,
    "total_revenue": 0,
    "average_price": null
  },
  {
    "product_id": 52,
    "product_name": "Stentor Violin Student II",
    "category": "Violins",
    "brand": "Stentor",
    "current_price": 299.99,
    "total_sold": 0,
    "total_revenue": 0,
    "average_price": null
  },
  {
    "product_id": 53,
    "product_name": "Yamaha YFL-222 Flute",
    "category": "Flutes",
    "brand": "Yamaha",
    "current_price": 549.99,
    "total_sold": 0,
    "total_revenue": 0,
    "average_price": null
  },
  {
    "product_id": 54,
    "product_name": "Pioneer DJ DDJ-400",
    "category": "DJ Equipment",
    "brand": "Pioneer",
    "current_price": 249.99,
    "total_sold": 0,
    "total_revenue": 0,
    "average_price": null
  },
  {
    "product_id": 55,
    "product_name": "Shure SM58 Microphone",
    "category": "Accessories",
    "brand": "Shure",
    "current_price": 99.99,
    "total_sold": 0,
    "total_revenue": 0,
    "average_price": null
  },
  {
    "product_id": 56,
    "product_name": "Boss Katana-50 Amplifier",
    "category": "Accessories",
    "brand": "Boss",
    "current_price": 229.99,
    "total_sold": 0,
    "total_revenue": 0,
    "average_price": null
  },
  {
    "product_id": 57,
    "product_name": "Gibson Les Paul Standard",
    "category": "Guitars",
    "brand": "Gibson",
    "current_price": 2499.99,
    "total_sold": 0,
    "total_revenue": 0,
    "average_price": null
  },
  {
    "product_id": 58,
    "product_name": "Roland TD-17KVX V-Drums",
    "category": "Drums",
    "brand": "Roland",
    "current_price": 1699.99,
    "total_sold": 0,
    "total_revenue": 0,
    "average_price": null
  },
  {
    "product_id": 59,
    "product_name": "Korg SV-2 Stage Piano",
    "category": "Pianos & Keyboards",
    "brand": "Korg",
    "current_price": 1999.99,
    "total_sold": 0,
    "total_revenue": 0,
    "average_price": null
  },
  {
    "product_id": 60,
    "product_name": "D'Addario Guitar Strings Pack",
    "category": "Accessories",
    "brand": "D'Addario",
    "current_price": 19.99,
    "total_sold": 0,
    "total_revenue": 0,
    "average_price": null
  },
  {
    "product_id": 61,
    "product_name": "Fender Stratocaster Electric Guitar",
    "category": "Guitars",
    "brand": "Fender",
    "current_price": 1299.99,
    "total_sold": 0,
    "total_revenue": 0,
    "average_price": null
  },
  {
    "product_id": 62,
    "product_name": "Yamaha P-125 Digital Piano",
    "category": "Pianos & Keyboards",
    "brand": "Yamaha",
    "current_price": 649.99,
    "total_sold": 0,
    "total_revenue": 0,
    "average_price": null
  },
  {
    "product_id": 63,
    "product_name": "Pearl Export Drum Kit",
    "category": "Drums",
    "brand": "Pearl",
    "current_price": 899.99,
    "total_sold": 0,
    "total_revenue": 0,
    "average_price": null
  },
  {
    "product_id": 64,
    "product_name": "Stentor Violin Student II",
    "category": "Violins",
    "brand": "Stentor",
    "current_price": 299.99,
    "total_sold": 0,
    "total_revenue": 0,
    "average_price": null
  },
  {
    "product_id": 65,
    "product_name": "Yamaha YFL-222 Flute",
    "category": "Flutes",
    "brand": "Yamaha",
    "current_price": 549.99,
    "total_sold": 0,
    "total_revenue": 0,
    "average_price": null
  },
  {
    "product_id": 66,
    "product_name": "Pioneer DJ DDJ-400",
    "category": "DJ Equipment",
    "brand": "Pioneer",
    "current_price": 249.99,
    "total_sold": 0,
    "total_revenue": 0,
    "average_price": null
  },
  {
    "product_id": 67,
    "product_name": "Shure SM58 Microphone",
    "category": "Accessories",
    "brand": "Shure",
    "current_price": 99.99,
    "total_sold": 0,
    "total_revenue": 0,
    "average_price": null
  },
  {
    "product_id": 68,
    "product_name": "Boss Katana-50 Amplifier",
    "category": "Accessories",
    "brand": "Boss",
    "current_price": 229.99,
    "total_sold": 0,
    "total_revenue": 0,
    "average_price": null
  },
  {
    "product_id": 69,
    "product_name": "Gibson Les Paul Standard",
    "category": "Guitars",
    "brand": "Gibson",
    "current_price": 2499.99,
    "total_sold": 0,
    "total_revenue": 0,
    "average_price": null
  },
  {
    "product_id": 70,
    "product_name": "Roland TD-17KVX V-Drums",
    "category": "Drums",
    "brand": "Roland",
    "current_price": 1699.99,
    "total_sold": 0,
    "total_revenue": 0,
    "average_price": null
  },
  {
    "product_id": 71,
    "product_name": "Korg SV-2 Stage Piano",
    "category": "Pianos & Keyboards",
    "brand": "Korg",
    "current_price": 1999.99,
    "total_sold": 0,
    "total_revenue": 0,
    "average_price": null
  },
  {
    "product_id": 72,
    "product_name": "D'Addario Guitar Strings Pack",
    "category": "Accessories",
    "brand": "D'Addario",
    "current_price": 19.99,
    "total_sold": 0,
    "total_revenue": 0,
    "average_price": null
  },
  {
    "product_id": 73,
    "product_name": "Fender Stratocaster Electric Guitar",
    "category": "Guitars",
    "brand": "Fender",
    "current_price": 1299.99,
    "total_sold": 0,
    "total_revenue": 0,
    "average_price": null
  },
  {
    "product_id": 74,
    "product_name": "Yamaha P-125 Digital Piano",
    "category": "Pianos & Keyboards",
    "brand": "Yamaha",
    "current_price": 649.99,
    "total_sold": 0,
    "total_revenue": 0,
    "average_price": null
  },
  {
    "product_id": 75,
    "product_name": "Pearl Export Drum Kit",
    "category": "Drums",
    "brand": "Pearl",
    "current_price": 899.99,
    "total_sold": 0,
    "total_revenue": 0,
    "average_price": null
  },
  {
    "product_id": 76,
    "product_name": "Stentor Violin Student II",
    "category": "Violins",
    "brand": "Stentor",
    "current_price": 299.99,
    "total_sold": 0,
    "total_revenue": 0,
    "average_price": null
  },
  {
    "product_id": 77,
    "product_name": "Yamaha YFL-222 Flute",
    "category": "Flutes",
    "brand": "Yamaha",
    "current_price": 549.99,
    "total_sold": 0,
    "total_revenue": 0,
    "average_price": null
  },
  {
    "product_id": 78,
    "product_name": "Pioneer DJ DDJ-400",
    "category": "DJ Equipment",
    "brand": "Pioneer",
    "current_price": 249.99,
    "total_sold": 0,
    "total_revenue": 0,
    "average_price": null
  },
  {
    "product_id": 79,
    "product_name": "Shure SM58 Microphone",
    "category": "Accessories",
    "brand": "Shure",
    "current_price": 99.99,
    "total_sold": 0,
    "total_revenue": 0,
    "average_price": null
  },
  {
    "product_id": 80,
    "product_name": "Boss Katana-50 Amplifier",
    "category": "Accessories",
    "brand": "Boss",
    "current_price": 229.99,
    "total_sold": 0,
    "total_revenue": 0,
    "average_price": null
  },
  {
    "product_id": 81,
    "product_name": "Gibson Les Paul Standard",
    "category": "Guitars",
    "brand": "Gibson",
    "current_price": 2499.99,
    "total_sold": 0,
    "total_revenue": 0,
    "average_price": null
  },
  {
    "product_id": 82,
    "product_name": "Roland TD-17KVX V-Drums",
    "category": "Drums",
    "brand": "Roland",
    "current_price": 1699.99,
    "total_sold": 0,
    "total_revenue": 0,
    "average_price": null
  },
  {
    "product_id": 83,
    "product_name": "Korg SV-2 Stage Piano",
    "category": "Pianos & Keyboards",
    "brand": "Korg",
    "current_price": 1999.99,
    "total_sold": 0,
    "total_revenue": 0,
    "average_price": null
  },
  {
    "product_id": 84,
    "product_name": "D'Addario Guitar Strings Pack",
    "category": "Accessories",
    "brand": "D'Addario",
    "current_price": 19.99,
    "total_sold": 0,
    "total_revenue": 0,
    "average_price": null
  },
  {
    "product_id": 85,
    "product_name": "Fender Stratocaster Electric Guitar",
    "category": "Guitars",
    "brand": "Fender",
    "current_price": 1299.99,
    "total_sold": 0,
    "total_revenue": 0,
    "average_price": null
  },
  {
    "product_id": 86,
    "product_name": "Yamaha P-125 Digital Piano",
    "category": "Pianos & Keyboards",
    "brand": "Yamaha",
    "current_price": 649.99,
    "total_sold": 0,
    "total_revenue": 0,
    "average_price": null
  },
  {
    "product_id": 87,
    "product_name": "Pearl Export Drum Kit",
    "category": "Drums",
    "brand": "Pearl",
    "current_price": 899.99,
    "total_sold": 0,
    "total_revenue": 0,
    "average_price": null
  },
  {
    "product_id": 88,
    "product_name": "Stentor Violin Student II",
    "category": "Violins",
    "brand": "Stentor",
    "current_price": 299.99,
    "total_sold": 0,
    "total_revenue": 0,
    "average_price": null
  },
  {
    "product_id": 89,
    "product_name": "Yamaha YFL-222 Flute",
    "category": "Flutes",
    "brand": "Yamaha",
    "current_price": 549.99,
    "total_sold": 0,
    "total_revenue": 0,
    "average_price": null
  },
  {
    "product_id": 90,
    "product_name": "Pioneer DJ DDJ-400",
    "category": "DJ Equipment",
    "brand": "Pioneer",
    "current_price": 249.99,
    "total_sold": 0,
    "total_revenue": 0,
    "average_price": null
  },
  {
    "product_id": 91,
    "product_name": "Shure SM58 Microphone",
    "category": "Accessories",
    "brand": "Shure",
    "current_price": 99.99,
    "total_sold": 0,
    "total_revenue": 0,
    "average_price": null
  },
  {
    "product_id": 92,
    "product_name": "Boss Katana-50 Amplifier",
    "category": "Accessories",
    "brand": "Boss",
    "current_price": 229.99,
    "total_sold": 0,
    "total_revenue": 0,
    "average_price": null
  },
  {
    "product_id": 93,
    "product_name": "Gibson Les Paul Standard",
    "category": "Guitars",
    "brand": "Gibson",
    "current_price": 2499.99,
    "total_sold": 0,
    "total_revenue": 0,
    "average_price": null
  },
  {
    "product_id": 94,
    "product_name": "Roland TD-17KVX V-Drums",
    "category": "Drums",
    "brand": "Roland",
    "current_price": 1699.99,
    "total_sold": 0,
    "total_revenue": 0,
    "average_price": null
  },
  {
    "product_id": 95,
    "product_name": "Korg SV-2 Stage Piano",
    "category": "Pianos & Keyboards",
    "brand": "Korg",
    "current_price": 1999.99,
    "total_sold": 0,
    "total_revenue": 0,
    "average_price": null
  },
  {
    "product_id": 96,
    "product_name": "D'Addario Guitar Strings Pack",
    "category": "Accessories",
    "brand": "D'Addario",
    "current_price": 19.99,
    "total_sold": 0,
    "total_revenue": 0,
    "average_price": null
  },
  {
    "product_id": 97,
    "product_name": "Fender Stratocaster Electric Guitar",
    "category": "Guitars",
    "brand": "Fender",
    "current_price": 1299.99,
    "total_sold": 0,
    "total_revenue": 0,
    "average_price": null
  },
  {
    "product_id": 98,
    "product_name": "Yamaha P-125 Digital Piano",
    "category": "Pianos & Keyboards",
    "brand": "Yamaha",
    "current_price": 649.99,
    "total_sold": 0,
    "total_revenue": 0,
    "average_price": null
  },
  {
    "product_id": 99,
    "product_name": "Pearl Export Drum Kit",
    "category": "Drums",
    "brand": "Pearl",
    "current_price": 899.99,
    "total_sold": 0,
    "total_revenue": 0,
    "average_price": null
  },
  {
    "product_id": 100,
    "product_name": "Stentor Violin Student II",
    "category": "Violins",
    "brand": "Stentor",
    "current_price": 299.99,
    "total_sold": 0,
    "total_revenue": 0,
    "average_price": null
  },
  {
    "product_id": 101,
    "product_name": "Yamaha YFL-222 Flute",
    "category": "Flutes",
    "brand": "Yamaha",
    "current_price": 549.99,
    "total_sold": 0,
    "total_revenue": 0,
    "average_price": null
  },
  {
    "product_id": 102,
    "product_name": "Pioneer DJ DDJ-400",
    "category": "DJ Equipment",
    "brand": "Pioneer",
    "current_price": 249.99,
    "total_sold": 0,
    "total_revenue": 0,
    "average_price": null
  },
  {
    "product_id": 103,
    "product_name": "Shure SM58 Microphone",
    "category": "Accessories",
    "brand": "Shure",
    "current_price": 99.99,
    "total_sold": 0,
    "total_revenue": 0,
    "average_price": null
  },
  {
    "product_id": 104,
    "product_name": "Boss Katana-50 Amplifier",
    "category": "Accessories",
    "brand": "Boss",
    "current_price": 229.99,
    "total_sold": 0,
    "total_revenue": 0,
    "average_price": null
  },
  {
    "product_id": 105,
    "product_name": "Gibson Les Paul Standard",
    "category": "Guitars",
    "brand": "Gibson",
    "current_price": 2499.99,
    "total_sold": 0,
    "total_revenue": 0,
    "average_price": null
  },
  {
    "product_id": 106,
    "product_name": "Roland TD-17KVX V-Drums",
    "category": "Drums",
    "brand": "Roland",
    "current_price": 1699.99,
    "total_sold": 0,
    "total_revenue": 0,
    "average_price": null
  },
  {
    "product_id": 107,
    "product_name": "Korg SV-2 Stage Piano",
    "category": "Pianos & Keyboards",
    "brand": "Korg",
    "current_price": 1999.99,
    "total_sold": 0,
    "total_revenue": 0,
    "average_price": null
  },
  {
    "product_id": 108,
    "product_name": "D'Addario Guitar Strings Pack",
    "category": "Accessories",
    "brand": "D'Addario",
    "current_price": 19.99,
    "total_sold": 0,
    "total_revenue": 0,
    "average_price": null
  },
  {
    "product_id": 109,
    "product_name": "Fender Stratocaster Electric Guitar",
    "category": "Guitars",
    "brand": "Fender",
    "current_price": 1299.99,
    "total_sold": 0,
    "total_revenue": 0,
    "average_price": null
  },
  {
    "product_id": 110,
    "product_name": "Yamaha P-125 Digital Piano",
    "category": "Pianos & Keyboards",
    "brand": "Yamaha",
    "current_price": 649.99,
    "total_sold": 0,
    "total_revenue": 0,
    "average_price": null
  },
  {
    "product_id": 111,
    "product_name": "Pearl Export Drum Kit",
    "category": "Drums",
    "brand": "Pearl",
    "current_price": 899.99,
    "total_sold": 0,
    "total_revenue": 0,
    "average_price": null
  },
  {
    "product_id": 112,
    "product_name": "Stentor Violin Student II",
    "category": "Violins",
    "brand": "Stentor",
    "current_price": 299.99,
    "total_sold": 0,
    "total_revenue": 0,
    "average_price": null
  },
  {
    "product_id": 113,
    "product_name": "Yamaha YFL-222 Flute",
    "category": "Flutes",
    "brand": "Yamaha",
    "current_price": 549.99,
    "total_sold": 0,
    "total_revenue": 0,
    "average_price": null
  },
  {
    "product_id": 114,
    "product_name": "Pioneer DJ DDJ-400",
    "category": "DJ Equipment",
    "brand": "Pioneer",
    "current_price": 249.99,
    "total_sold": 0,
    "total_revenue": 0,
    "average_price": null
  },
  {
    "product_id": 115,
    "product_name": "Shure SM58 Microphone",
    "category": "Accessories",
    "brand": "Shure",
    "current_price": 99.99,
    "total_sold": 0,
    "total_revenue": 0,
    "average_price": null
  },
  {
    "product_id": 116,
    "product_name": "Boss Katana-50 Amplifier",
    "category": "Accessories",
    "brand": "Boss",
    "current_price": 229.99,
    "total_sold": 0,
    "total_revenue": 0,
    "average_price": null
  },
  {
    "product_id": 117,
    "product_name": "Gibson Les Paul Standard",
    "category": "Guitars",
    "brand": "Gibson",
    "current_price": 2499.99,
    "total_sold": 0,
    "total_revenue": 0,
    "average_price": null
  },
  {
    "product_id": 118,
    "product_name": "Roland TD-17KVX V-Drums",
    "category": "Drums",
    "brand": "Roland",
    "current_price": 1699.99,
    "total_sold": 0,
    "total_revenue": 0,
    "average_price": null
  },
  {
    "product_id": 119,
    "product_name": "Korg SV-2 Stage Piano",
    "category": "Pianos & Keyboards",
    "brand": "Korg",
    "current_price": 1999.99,
    "total_sold": 0,
    "total_revenue": 0,
    "average_price": null
  },
  {
    "product_id": 120,
    "product_name": "D'Addario Guitar Strings Pack",
    "category": "Accessories",
    "brand": "D'Addario",
    "current_price": 19.99,
    "total_sold": 0,
    "total_revenue": 0,
    "average_price": null
  },
  {
    "product_id": 121,
    "product_name": "Fender Stratocaster Electric Guitar",
    "category": "Guitars",
    "brand": "Fender",
    "current_price": 1299.99,
    "total_sold": 0,
    "total_revenue": 0,
    "average_price": null
  },
  {
    "product_id": 122,
    "product_name": "Yamaha P-125 Digital Piano",
    "category": "Pianos & Keyboards",
    "brand": "Yamaha",
    "current_price": 649.99,
    "total_sold": 0,
    "total_revenue": 0,
    "average_price": null
  },
  {
    "product_id": 123,
    "product_name": "Pearl Export Drum Kit",
    "category": "Drums",
    "brand": "Pearl",
    "current_price": 899.99,
    "total_sold": 0,
    "total_revenue": 0,
    "average_price": null
  },
  {
    "product_id": 124,
    "product_name": "Stentor Violin Student II",
    "category": "Violins",
    "brand": "Stentor",
    "current_price": 299.99,
    "total_sold": 0,
    "total_revenue": 0,
    "average_price": null
  },
  {
    "product_id": 125,
    "product_name": "Yamaha YFL-222 Flute",
    "category": "Flutes",
    "brand": "Yamaha",
    "current_price": 549.99,
    "total_sold": 0,
    "total_revenue": 0,
    "average_price": null
  },
  {
    "product_id": 126,
    "product_name": "Pioneer DJ DDJ-400",
    "category": "DJ Equipment",
    "brand": "Pioneer",
    "current_price": 249.99,
    "total_sold": 0,
    "total_revenue": 0,
    "average_price": null
  },
  {
    "product_id": 127,
    "product_name": "Shure SM58 Microphone",
    "category": "Accessories",
    "brand": "Shure",
    "current_price": 99.99,
    "total_sold": 0,
    "total_revenue": 0,
    "average_price": null
  },
  {
    "product_id": 128,
    "product_name": "Boss Katana-50 Amplifier",
    "category": "Accessories",
    "brand": "Boss",
    "current_price": 229.99,
    "total_sold": 0,
    "total_revenue": 0,
    "average_price": null
  },
  {
    "product_id": 129,
    "product_name": "Gibson Les Paul Standard",
    "category": "Guitars",
    "brand": "Gibson",
    "current_price": 2499.99,
    "total_sold": 0,
    "total_revenue": 0,
    "average_price": null
  },
  {
    "product_id": 130,
    "product_name": "Roland TD-17KVX V-Drums",
    "category": "Drums",
    "brand": "Roland",
    "current_price": 1699.99,
    "total_sold": 0,
    "total_revenue": 0,
    "average_price": null
  },
  {
    "product_id": 131,
    "product_name": "Korg SV-2 Stage Piano",
    "category": "Pianos & Keyboards",
    "brand": "Korg",
    "current_price": 1999.99,
    "total_sold": 0,
    "total_revenue": 0,
    "average_price": null
  },
  {
    "product_id": 132,
    "product_name": "D'Addario Guitar Strings Pack",
    "category": "Accessories",
    "brand": "D'Addario",
    "current_price": 19.99,
    "total_sold": 0,
    "total_revenue": 0,
    "average_price": null
  },
  {
    "product_id": 133,
    "product_name": "Fender Stratocaster Electric Guitar",
    "category": "Guitars",
    "brand": "Fender",
    "current_price": 1299.99,
    "total_sold": 0,
    "total_revenue": 0,
    "average_price": null
  },
  {
    "product_id": 134,
    "product_name": "Yamaha P-125 Digital Piano",
    "category": "Pianos & Keyboards",
    "brand": "Yamaha",
    "current_price": 649.99,
    "total_sold": 0,
    "total_revenue": 0,
    "average_price": null
  },
  {
    "product_id": 135,
    "product_name": "Pearl Export Drum Kit",
    "category": "Drums",
    "brand": "Pearl",
    "current_price": 899.99,
    "total_sold": 0,
    "total_revenue": 0,
    "average_price": null
  },
  {
    "product_id": 136,
    "product_name": "Stentor Violin Student II",
    "category": "Violins",
    "brand": "Stentor",
    "current_price": 299.99,
    "total_sold": 0,
    "total_revenue": 0,
    "average_price": null
  },
  {
    "product_id": 137,
    "product_name": "Yamaha YFL-222 Flute",
    "category": "Flutes",
    "brand": "Yamaha",
    "current_price": 549.99,
    "total_sold": 0,
    "total_revenue": 0,
    "average_price": null
  },
  {
    "product_id": 138,
    "product_name": "Pioneer DJ DDJ-400",
    "category": "DJ Equipment",
    "brand": "Pioneer",
    "current_price": 249.99,
    "total_sold": 0,
    "total_revenue": 0,
    "average_price": null
  },
  {
    "product_id": 139,
    "product_name": "Shure SM58 Microphone",
    "category": "Accessories",
    "brand": "Shure",
    "current_price": 99.99,
    "total_sold": 0,
    "total_revenue": 0,
    "average_price": null
  },
  {
    "product_id": 140,
    "product_name": "Boss Katana-50 Amplifier",
    "category": "Accessories",
    "brand": "Boss",
    "current_price": 229.99,
    "total_sold": 0,
    "total_revenue": 0,
    "average_price": null
  },
  {
    "product_id": 141,
    "product_name": "Gibson Les Paul Standard",
    "category": "Guitars",
    "brand": "Gibson",
    "current_price": 2499.99,
    "total_sold": 0,
    "total_revenue": 0,
    "average_price": null
  },
  {
    "product_id": 142,
    "product_name": "Roland TD-17KVX V-Drums",
    "category": "Drums",
    "brand": "Roland",
    "current_price": 1699.99,
    "total_sold": 0,
    "total_revenue": 0,
    "average_price": null
  },
  {
    "product_id": 143,
    "product_name": "Korg SV-2 Stage Piano",
    "category": "Pianos & Keyboards",
    "brand": "Korg",
    "current_price": 1999.99,
    "total_sold": 0,
    "total_revenue": 0,
    "average_price": null
  },
  {
    "product_id": 144,
    "product_name": "D'Addario Guitar Strings Pack",
    "category": "Accessories",
    "brand": "D'Addario",
    "current_price": 19.99,
    "total_sold": 0,
    "total_revenue": 0,
    "average_price": null
  },
  {
    "product_id": 145,
    "product_name": "Fender Stratocaster Electric Guitar",
    "category": "Guitars",
    "brand": "Fender",
    "current_price": 1299.99,
    "total_sold": 0,
    "total_revenue": 0,
    "average_price": null
  },
  {
    "product_id": 146,
    "product_name": "Yamaha P-125 Digital Piano",
    "category": "Pianos & Keyboards",
    "brand": "Yamaha",
    "current_price": 649.99,
    "total_sold": 0,
    "total_revenue": 0,
    "average_price": null
  },
  {
    "product_id": 147,
    "product_name": "Pearl Export Drum Kit",
    "category": "Drums",
    "brand": "Pearl",
    "current_price": 899.99,
    "total_sold": 0,
    "total_revenue": 0,
    "average_price": null
  },
  {
    "product_id": 148,
    "product_name": "Stentor Violin Student II",
    "category": "Violins",
    "brand": "Stentor",
    "current_price": 299.99,
    "total_sold": 0,
    "total_revenue": 0,
    "average_price": null
  },
  {
    "product_id": 149,
    "product_name": "Yamaha YFL-222 Flute",
    "category": "Flutes",
    "brand": "Yamaha",
    "current_price": 549.99,
    "total_sold": 0,
    "total_revenue": 0,
    "average_price": null
  },
  {
    "product_id": 150,
    "product_name": "Pioneer DJ DDJ-400",
    "category": "DJ Equipment",
    "brand": "Pioneer",
    "current_price": 249.99,
    "total_sold": 0,
    "total_revenue": 0,
    "average_price": null
  },
  {
    "product_id": 151,
    "product_name": "Shure SM58 Microphone",
    "category": "Accessories",
    "brand": "Shure",
    "current_price": 99.99,
    "total_sold": 0,
    "total_revenue": 0,
    "average_price": null
  },
  {
    "product_id": 152,
    "product_name": "Boss Katana-50 Amplifier",
    "category": "Accessories",
    "brand": "Boss",
    "current_price": 229.99,
    "total_sold": 0,
    "total_revenue": 0,
    "average_price": null
  },
  {
    "product_id": 153,
    "product_name": "Gibson Les Paul Standard",
    "category": "Guitars",
    "brand": "Gibson",
    "current_price": 2499.99,
    "total_sold": 0,
    "total_revenue": 0,
    "average_price": null
  },
  {
    "product_id": 154,
    "product_name": "Roland TD-17KVX V-Drums",
    "category": "Drums",
    "brand": "Roland",
    "current_price": 1699.99,
    "total_sold": 0,
    "total_revenue": 0,
    "average_price": null
  },
  {
    "product_id": 155,
    "product_name": "Korg SV-2 Stage Piano",
    "category": "Pianos & Keyboards",
    "brand": "Korg",
    "current_price": 1999.99,
    "total_sold": 0,
    "total_revenue": 0,
    "average_price": null
  },
  {
    "product_id": 156,
    "product_name": "D'Addario Guitar Strings Pack",
    "category": "Accessories",
    "brand": "D'Addario",
    "current_price": 19.99,
    "total_sold": 0,
    "total_revenue": 0,
    "average_price": null
  },
  {
    "product_id": 157,
    "product_name": "Fender Stratocaster Electric Guitar",
    "category": "Guitars",
    "brand": "Fender",
    "current_price": 1299.99,
    "total_sold": 0,
    "total_revenue": 0,
    "average_price": null
  },
  {
    "product_id": 158,
    "product_name": "Yamaha P-125 Digital Piano",
    "category": "Pianos & Keyboards",
    "brand": "Yamaha",
    "current_price": 649.99,
    "total_sold": 0,
    "total_revenue": 0,
    "average_price": null
  },
  {
    "product_id": 159,
    "product_name": "Pearl Export Drum Kit",
    "category": "Drums",
    "brand": "Pearl",
    "current_price": 899.99,
    "total_sold": 0,
    "total_revenue": 0,
    "average_price": null
  },
  {
    "product_id": 160,
    "product_name": "Stentor Violin Student II",
    "category": "Violins",
    "brand": "Stentor",
    "current_price": 299.99,
    "total_sold": 0,
    "total_revenue": 0,
    "average_price": null
  },
  {
    "product_id": 161,
    "product_name": "Yamaha YFL-222 Flute",
    "category": "Flutes",
    "brand": "Yamaha",
    "current_price": 549.99,
    "total_sold": 0,
    "total_revenue": 0,
    "average_price": null
  },
  {
    "product_id": 162,
    "product_name": "Pioneer DJ DDJ-400",
    "category": "DJ Equipment",
    "brand": "Pioneer",
    "current_price": 249.99,
    "total_sold": 0,
    "total_revenue": 0,
    "average_price": null
  },
  {
    "product_id": 163,
    "product_name": "Shure SM58 Microphone",
    "category": "Accessories",
    "brand": "Shure",
    "current_price": 99.99,
    "total_sold": 0,
    "total_revenue": 0,
    "average_price": null
  },
  {
    "product_id": 164,
    "product_name": "Boss Katana-50 Amplifier",
    "category": "Accessories",
    "brand": "Boss",
    "current_price": 229.99,
    "total_sold": 0,
    "total_revenue": 0,
    "average_price": null
  },
  {
    "product_id": 165,
    "product_name": "Gibson Les Paul Standard",
    "category": "Guitars",
    "brand": "Gibson",
    "current_price": 2499.99,
    "total_sold": 0,
    "total_revenue": 0,
    "average_price": null
  },
  {
    "product_id": 166,
    "product_name": "Roland TD-17KVX V-Drums",
    "category": "Drums",
    "brand": "Roland",
    "current_price": 1699.99,
    "total_sold": 0,
    "total_revenue": 0,
    "average_price": null
  },
  {
    "product_id": 167,
    "product_name": "Korg SV-2 Stage Piano",
    "category": "Pianos & Keyboards",
    "brand": "Korg",
    "current_price": 1999.99,
    "total_sold": 0,
    "total_revenue": 0,
    "average_price": null
  },
  {
    "product_id": 168,
    "product_name": "D'Addario Guitar Strings Pack",
    "category": "Accessories",
    "brand": "D'Addario",
    "current_price": 19.99,
    "total_sold": 0,
    "total_revenue": 0,
    "average_price": null
  },
  {
    "product_id": 169,
    "product_name": "Fender Stratocaster Electric Guitar",
    "category": "Guitars",
    "brand": "Fender",
    "current_price": 1299.99,
    "total_sold": 0,
    "total_revenue": 0,
    "average_price": null
  },
  {
    "product_id": 170,
    "product_name": "Yamaha P-125 Digital Piano",
    "category": "Pianos & Keyboards",
    "brand": "Yamaha",
    "current_price": 649.99,
    "total_sold": 0,
    "total_revenue": 0,
    "average_price": null
  },
  {
    "product_id": 171,
    "product_name": "Pearl Export Drum Kit",
    "category": "Drums",
    "brand": "Pearl",
    "current_price": 899.99,
    "total_sold": 0,
    "total_revenue": 0,
    "average_price": null
  },
  {
    "product_id": 172,
    "product_name": "Stentor Violin Student II",
    "category": "Violins",
    "brand": "Stentor",
    "current_price": 299.99,
    "total_sold": 0,
    "total_revenue": 0,
    "average_price": null
  },
  {
    "product_id": 173,
    "product_name": "Yamaha YFL-222 Flute",
    "category": "Flutes",
    "brand": "Yamaha",
    "current_price": 549.99,
    "total_sold": 0,
    "total_revenue": 0,
    "average_price": null
  },
  {
    "product_id": 174,
    "product_name": "Pioneer DJ DDJ-400",
    "category": "DJ Equipment",
    "brand": "Pioneer",
    "current_price": 249.99,
    "total_sold": 0,
    "total_revenue": 0,
    "average_price": null
  },
  {
    "product_id": 175,
    "product_name": "Shure SM58 Microphone",
    "category": "Accessories",
    "brand": "Shure",
    "current_price": 99.99,
    "total_sold": 0,
    "total_revenue": 0,
    "average_price": null
  },
  {
    "product_id": 176,
    "product_name": "Boss Katana-50 Amplifier",
    "category": "Accessories",
    "brand": "Boss",
    "current_price": 229.99,
    "total_sold": 0,
    "total_revenue": 0,
    "average_price": null
  },
  {
    "product_id": 177,
    "product_name": "Gibson Les Paul Standard",
    "category": "Guitars",
    "brand": "Gibson",
    "current_price": 2499.99,
    "total_sold": 0,
    "total_revenue": 0,
    "average_price": null
  },
  {
    "product_id": 178,
    "product_name": "Roland TD-17KVX V-Drums",
    "category": "Drums",
    "brand": "Roland",
    "current_price": 1699.99,
    "total_sold": 0,
    "total_revenue": 0,
    "average_price": null
  },
  {
    "product_id": 179,
    "product_name": "Korg SV-2 Stage Piano",
    "category": "Pianos & Keyboards",
    "brand": "Korg",
    "current_price": 1999.99,
    "total_sold": 0,
    "total_revenue": 0,
    "average_price": null
  },
  {
    "product_id": 180,
    "product_name": "D'Addario Guitar Strings Pack",
    "category": "Accessories",
    "brand": "D'Addario",
    "current_price": 19.99,
    "total_sold": 0,
    "total_revenue": 0,
    "average_price": null
  }
]