{
  "export_date": "2025-12-29T11:19:49.606891",
  "summary": {
    "total_orders": 1,
    "total_revenue": 1849.97,
    "total_customers": 1,
    "total_products": 180,
    "total_units_sold": 3,
    "total_stock_remaining": 2247,
    "average_order_value": 1849.97
  },
  "sales_data": {
    "total_files": 1,
    "latest_order_date": "2025-12-29 05:37:55"
  },
  "inventory_data": {
    "total_products": 180,
    "in_stock_products": 120,
    "low_stock_products": 60,
    "out_of_stock_products": 0
  }
}